"","V1","V2","V3","V4","V5","V6","V7","V8","V9","V10","V11","V12","V13","V14","V15","V16","V17","V18","V19","V20","V21","V22","V23","V24","V25","V26","V27","V28","V29","V30","V31","V32","V33","V34","V35","V36","V37","V38","V39","V40","V41","V42","V43","V44","V45","V46","V47","V48","V49","V50","V51","V52"
"CITTADELLA",6.5,19.2142857142857,-2.07142857142857,-4.92857142857143,-2.78571428571428,-5.78571428571428,7.64285714285715,2.64285714285715,-4.07142857142857,1.92857142857143,23.6428571428571,24.6428571428571,-4.35714285714286,2.5,-1.07142857142857,-11.7857142857143,-8.21428571428572,-18.5,-11.6428571428571,-15.5,-2.07142857142857,-14.0714285714286,-1.64285714285714,0.642857142857142,-7.64285714285714,-9.92857142857143,-7.5,-16.2142857142857,-8.64285714285714,-16.6428571428571,-13.3571428571429,-11.6428571428571,-16.5,-12.3333333333333,-4.5,-11.2142857142857,-10.0714285714286,13.1666666666667,9.5,4.92857142857143,22.0714285714286,21.2142857142857,-0.642857142857142,33.8333333333333,8.35714285714285,-7.07142857142857,14.9285714285714,26.3333333333333,-7.92857142857143,16.6428571428571,10.3571428571429,-0.357142857142858
"MONTEBELLO",13.6064102564103,29.9778388278388,2.57307692307692,2.97783882783882,1.97783882783882,-0.736446886446892,15.120695970696,7.40641025641025,-0.4507326007326,8.83498168498168,34.5492673992674,23.9778388278388,-8.99358974358974,7.5492673992674,0.120695970695969,-13.7364468864469,-6.87930402930403,-19.3078754578755,-12.5935897435897,-19.1650183150183,-7.16501831501832,-17.1650183150183,-18.0935897435897,-11.5935897435897,-8.76025641025641,-10.7364468864469,-10.1650183150183,-16.879304029304,-10.7364468864469,-14.7364468864469,-13.4507326007326,-11.1650183150183,-16.3078754578755,-11.5935897435897,-4.02216117216117,-8.73644688644689,-7.02216117216117,11.4064102564103,4.83498168498168,8.69212454212454,25.7397435897436,17.4064102564103,-4.09358974358975,25.120695970696,4.5492673992674,-9.02216117216117,11.120695970696,13.8064102564103,-10.1650183150183,10.7397435897436,12.4064102564103,8.97783882783882
"SARAGAT",10.2901098901099,20.4043956043956,2.54725274725275,0.490109890109892,-2.02417582417582,-3.45274725274725,8.40439560439561,0.690109890109891,-1.02417582417582,0.261538461538464,27.4043956043956,27.5472527472527,-3.59560439560439,4.69010989010989,-0.809890109890109,-10.167032967033,-7.88131868131868,-15.3098901098901,-10.1432234432234,-16.4527472527473,-7.16703296703297,-15.167032967033,-7.73846153846154,-5.16703296703297,-8.64322344322344,-9.02417582417582,-10.3098901098901,-13.3098901098901,-9.45274725274725,-12.7384615384615,-11.4527472527473,-9.59560439560439,-7.97655677655678,-11.3098901098901,-4.73846153846154,-8.30989010989011,-9.30989010989011,3.83296703296703,4.69010989010989,3.26153846153846,15.8567765567766,13.832967032967,-5.64322344322344,33.4043956043956,8.54725274725275,-2.88131868131868,12.5472527472527,22.6901098901099,-6.16703296703297,13.6901098901099,8.69010989010989,3.19010989010989
"BOGOLESE",9.33360805860806,19.2478937728938,2.6764652014652,-1.18067765567766,-2.46639194139194,-3.46639194139194,7.81932234432234,3.10503663003663,-0.752106227106225,1.10503663003663,25.2478937728938,23.2478937728938,-4.03782051282051,3.03360805860806,-2.03782051282051,-10.3235347985348,-6.60924908424908,-15.4663919413919,-11.0378205128205,-16.0378205128205,-6.3235347985348,-14.0378205128205,-8.3235347985348,-5.03782051282051,-6.46639194139194,-6.96639194139194,-7.3235347985348,-11.7521062271062,-7.60924908424908,-11.1806776556777,-10.3235347985348,-8.75210622710622,-12.7521062271062,-9.18067765567766,-3.60924908424908,-7.3235347985348,-5.03782051282051,5.6764652014652,0.819322344322345,2.39075091575092,12.8669413919414,16.5336080586081,-2.60924908424908,28.2478937728938,7.10503663003663,-4.75210622710622,11.6764652014652,24.1050366300366,-6.18067765567766,15.5336080586081,7.3669413919414,1.81932234432234
"PARADIGNA",6.65265567765568,18.4526556776557,1.45265567765568,-1.54734432234432,-2.40448717948718,-4.54734432234432,7.30979853479853,2.16694139194139,-0.833058608058607,0.0240842490842503,24.1669413919414,23.0240842490842,-3.97591575091575,3.8812271062271,-2.54734432234432,-8.69020146520146,-6.97591575091575,-14.6902014652015,-10.1187728937729,-14.9759157509158,-5.83305860805861,-13.6902014652015,-8.40448717948718,-4.26163003663004,-6.83305860805861,-7.04734432234432,-8.38067765567765,-11.8330586080586,-7.54734432234432,-11.4044871794872,-9.97591575091575,-8.38067765567765,-12.6902014652015,-8.69020146520146,-3.26163003663004,-6.97591575091575,-6.83305860805861,9.45265567765568,4.59551282051282,3.11932234432235,18.0240842490842,17.0240842490842,0.309798534798535,25.5955128205128,6.45265567765568,-4.83305860805861,12.0240842490842,22.8812271062271,-5.40448717948718,14.1669413919414,1.78598901098901,1.02408424908425
"CASTELLARANO",16.8082875457875,7.0654304029304,3.35114468864469,-4.79171245421245,0.779716117216118,-4.64885531135531,7.20828754578755,7.92257326007326,-2.9345695970696,0.636858974358972,19.4082875457875,15.0654304029304,-1.64885531135531,5.35114468864469,-1.64885531135531,-10.7917124542125,-6.50599816849817,-15.2917124542125,-10.4583791208791,-12.7917124542125,-1.36314102564103,-11.6488553113553,-7.9345695970696,-4.36314102564103,-7.50599816849817,-8.36314102564103,-7.22028388278388,-12.6488553113553,-7.79171245421245,-11.0774267399267,-10.7917124542125,-8.9345695970696,-10.363141025641,-10.5059981684982,-5.22028388278388,-7.79171245421245,-7.9345695970696,2.20828754578755,-0.934569597069597,-3.9345695970696,21.9225732600733,7.77971611721612,-2.54171245421245,18.3511446886447,-0.934569597069597,-0.50599816849817,15.7797161172161,27.636858974359,3.77971611721612,17.4940018315018,16.636858974359,6.63685897435897
"S. LAZZARO",9.57152014652015,13.5143772893773,0.0858058608058627,-2.34276556776557,-4.05705128205128,-4.42847985347985,8.80009157509158,1.94294871794872,-2.48562271062271,-2.05705128205128,24.7715201465201,21.0858058608059,-4.91419413919414,2.37152014652015,-2.91419413919414,-10.1999084249084,-4.77133699633699,-14.6284798534799,-7.77133699633699,-15.0570512820513,-3.34276556776557,-12.3427655677656,-6.77133699633699,-3.34276556776557,-7.91419413919414,-6.77133699633699,-5.77133699633699,-11.0570512820513,-6.48562271062271,-10.771336996337,-10.0570512820513,-7.62847985347985,-11.1999084249084,-8.91419413919414,-2.48562271062271,-7.46181318681318,-6.77133699633699,8.37152014652015,5.87152014652015,4.65723443223443,20.0858058608059,12.8715201465201,-0.628479853479853,27.8000915750916,4.80009157509157,-5.05705128205128,10.6572344322344,21.6572344322344,-8.05705128205128,14.0858058608059,6.51437728937729,-1.05705128205128
"FEBBIO",-3.72724358974359,-2.69867216117216,-6.46057692307692,-5.96057692307692,-2.98438644688645,-4.8415293040293,-0.69867216117216,-0.270100732600732,-4.98438644688645,4.72989926739927,6.37275641025641,1.30132783882784,5.70608974358974,11.8727564102564,6.72989926739927,-2.27010073260073,-0.984386446886446,-4.98438644688645,-1.69867216117216,-2.41295787545787,8.1584706959707,-2.69867216117216,0.872756410256411,3.58704212454212,2.58704212454212,1.53942307692308,2.53942307692308,-3.55581501831502,0.444184981684982,-2.92724358974359,-2.12724358974359,0.444184981684982,-0.127243589743589,-0.841529304029303,0.158470695970697,9.87275641025641,-0.127243589743589,3.01561355311355,1.20608974358974,-0.841529304029303,5.58704212454212,1.12275641025641,0.729899267399269,-0.127243589743589,-3.52724358974359,-4.79391025641026,-0.270100732600732,-0.127243589743589,-2.69867216117216,-1.98438644688645,-3.98438644688645,-2.8415293040293
"S. ROCCO",10.5068681318681,18.9354395604396,0.0782967032967044,-1.9217032967033,-5.20741758241758,-7.49313186813187,5.50686813186813,-1.63598901098901,-5.49313186813187,1.93543956043956,26.6497252747253,24.0068681318681,-3.63598901098901,2.0782967032967,-1.9217032967033,-11.7788461538462,-6.35027472527473,-14.4931318681319,-7.35027472527473,-15.4931318681319,-6.06456043956044,-11.9931318681319,-4.49313186813187,-0.778846153846153,-5.77884615384615,-7.63598901098901,-4.29313186813187,-13.3502747252747,-6.49313186813187,-8.8264652014652,-10.7788461538462,-6.49313186813187,-11.4931318681319,-11.6597985347985,1.0782967032967,-8.77884615384615,-5.9217032967033,4.30686813186813,9.36401098901099,7.0782967032967,18.2211538461538,10.7925824175824,-1.20741758241758,36.9354395604396,3.0782967032967,-10.3502747252747,11.364010989011,16.9354395604396,-10.635989010989,13.9354395604396,8.0782967032967,-1.06456043956044
"TIMAVO",10.9558608058608,18.8701465201465,-1.55842490842491,-1.41556776556777,-5.8441391941392,-8.41556776556777,8.29871794871795,1.48919413919414,-4.41556776556777,3.44157509157509,32.0130036630037,29.8225274725275,-2.70128205128205,5.01300366300366,-1.12985347985348,-14.1298534798535,-5.27271062271062,-16.5584249084249,-9.70128205128205,-19.7012820512821,-5.41556776556777,-14.2727106227106,-5.27271062271062,-4.8441391941392,-6.98699633699634,-9.27271062271062,-6.8441391941392,-15.5584249084249,-7.98699633699634,-11.1298534798535,-9.70128205128205,-8.98699633699634,-13.9869963369963,-10.8441391941392,-2.8441391941392,-7.55842490842491,-10.4155677655678,8.87014652014652,4.82252747252747,1.58443223443224,18.0130036630037,15.5844322344322,-2.98699633699634,33.2987179487179,4.87014652014652,-6.55842490842491,15.0130036630037,20.5844322344322,-7.8441391941392,17.298717948718,10.4415750915751,-0.12985347985348
"REMESINA",12.3278388278388,21.0992673992674,5.0992673992674,4.67069597069597,-3.04358974358975,-6.32930402930403,8.0992673992674,1.38498168498169,-2.18644688644689,2.0992673992674,32.5278388278388,23.670695970696,-0.615018315018315,0.384981684981685,-4.75787545787546,-10.1864468864469,-8.75787545787546,-14.329304029304,-10.6150183150183,-15.4721611721612,-9.75787545787546,-13.7578754578755,-8.32930402930403,-6.47216117216117,-7.04358974358975,-10.4721611721612,-11.0435897435897,-16.0435897435897,-10.329304029304,-11.6150183150183,-11.1864468864469,-10.1864468864469,-12.7578754578755,-12.1388278388278,-7.04358974358975,-11.0435897435897,-10.329304029304,1.81355311355311,2.24212454212454,1.36117216117216,16.8611721611722,22.3278388278388,2.81355311355311,39.5278388278388,-0.757875457875457,-7.47216117216117,21.9564102564103,20.670695970696,-9.32930402930403,20.8135531135531,8.95641025641026,2.6945054945055
"PARCO FERRARI",13.1580586080586,13.6723443223443,3.95805860805861,0.52948717948718,-2.47051282051282,-6.47051282051282,8.81520146520146,5.10091575091575,-3.04194139194139,2.52948717948718,24.6723443223443,25.6723443223443,-3.18479853479854,3.52948717948718,-4.47051282051282,-11.7562271062271,-4.89908424908425,-13.4705128205128,-10.0419413919414,-15.8990842490843,-5.89908424908425,-13.3276556776557,-8.18479853479854,-4.47051282051282,-8.18479853479854,-8.61336996336997,-8.75622710622711,-14.1847985347985,-8.89908424908425,-12.8990842490843,-13.1847985347985,-11.1847985347985,-12.61336996337,-11.7562271062271,-6.37527472527472,-7.89908424908425,-9.04194139194139,5.24377289377289,6.55805860805861,1.81520146520146,18.6723443223443,13.6723443223443,0.52948717948718,28.38663003663,3.10091575091575,-3.61336996336997,15.6723443223443,24.6723443223443,-6.61336996336997,16.38663003663,11.9580586080586,3.10091575091575
"SAN FRANCESCO",12.4779304029304,10.849358974359,3.70650183150183,-4.43635531135531,-0.722069597069599,-1.7220695970696,8.2779304029304,8.56364468864469,-5.15064102564103,-1.7220695970696,16.4207875457875,16.1350732600733,-3.15064102564103,0.706501831501829,-2.7220695970696,-10.2934981684982,-9.00778388278388,-14.2934981684982,-10.0077838827839,-14.5792124542125,-3.00778388278388,-11.7220695970696,-7.7220695970696,-4.57921245421246,-8.00778388278388,-7.86492673992674,-5.7220695970696,-13.7220695970696,-8.15064102564103,-8.86492673992674,-9.7220695970696,-10.7220695970696,-13.7220695970696,-10.8887362637363,-5.29349816849817,-8.15064102564103,-7.15064102564103,9.99221611721612,-0.579212454212456,-3.15064102564103,25.849358974359,14.7065018315018,-3.00778388278388,20.1350732600733,-1.15064102564103,-0.293498168498171,18.2779304029304,23.7065018315018,0.992216117216117,15.9922161172161,20.0779304029304,4.13507326007326
"GAVELLO",13.5511904761905,25.8940476190476,1.46547619047619,2.32261904761905,-2.84880952380952,-5.91547619047619,4.1797619047619,-0.820238095238096,-2.67738095238095,1.46547619047619,31.8940476190476,20.4654761904762,-1.67738095238095,5.32261904761905,-5.24880952380952,-9.96309523809524,-6.24880952380952,-9.91547619047619,-7.91547619047619,-14.3916666666667,-5.24880952380952,-13.0821428571429,-1.53452380952381,-0.391666666666666,-6.67738095238095,-8.24880952380952,-8.53452380952381,-13.9630952380952,-8.53452380952381,-10.8202380952381,-11.1059523809524,-8.96309523809524,-10.9630952380952,-9.41547619047619,-5.8202380952381,-9.10595238095238,-11.2488095238095,3.91785714285714,2.75119047619048,-0.248809523809523,13.7511904761905,11.1797619047619,-0.391666666666666,39.4654761904762,-0.248809523809523,-9.10595238095238,10.322619047619,16.1797619047619,-10.3916666666667,14.6083333333333,9.46547619047619,3.46547619047619
"PARCO EDILCARANI",13.9481684981685,10.9767399267399,4.26245421245421,-5.30897435897436,-0.451831501831503,-4.4518315018315,7.26245421245421,8.11959706959707,-5.30897435897436,-0.308974358974361,11.9481684981685,14.1481684981685,-1.88040293040293,4.83388278388278,-3.16611721611722,-10.4518315018315,-5.4518315018315,-13.7375457875458,-10.0232600732601,-13.7375457875458,-2.4518315018315,-12.3089743589744,-7.73754578754579,-5.11849816849817,-7.4518315018315,-7.4518315018315,-7.4518315018315,-13.4518315018315,-7.9518315018315,-10.7375457875458,-10.8804029304029,-11.4518315018315,-11.1661172161172,-11.0232600732601,-5.61849816849817,-8.73754578754579,-8.73754578754579,10.5481684981685,-0.308974358974361,-1.73754578754579,26.1195970695971,12.5481684981685,-4.59468864468865,18.6910256410256,1.40531135531135,-1.88040293040293,17.1195970695971,26.2624542124542,0.262454212454212,18.4053113553114,18.6910256410256,6.97673992673992
"LUGAGNANO",6.86309523809524,16.8630952380952,2.00595238095238,1.00595238095238,3.86309523809524,-2.27976190476191,9.43452380952381,4.00595238095238,-0.422619047619047,4.29166666666666,15.2916666666667,8.72023809523809,-2.13690476190476,4.29166666666666,2.43452380952381,-7.56547619047619,-7.56547619047619,-12.5654761904762,-7.99404761904762,-9.42261904761905,-5.27976190476191,-10.9940476190476,-6.56547619047619,-2.99404761904762,-5.42261904761905,-6.70833333333333,-6.99404761904762,-10.1369047619048,-5.70833333333333,-9.85119047619048,-9.42261904761905,-5.85119047619048,-9.27976190476191,-7.27976190476191,-2.99404761904762,-6.42261904761905,-7.13690476190476,2.69642857142857,2.72023809523809,-2.13690476190476,7.72023809523809,5.29166666666666,-3.27976190476191,17.0059523809524,-0.99404761904762,-5.13690476190476,18.0059523809524,16.0059523809524,-0.851190476190478,15.1488095238095,9.29166666666666,8.43452380952381
"CENO",7.68099816849817,21.7667124542125,-0.519001831501832,4.62385531135531,-2.23328754578755,-6.11900183150183,17.8809981684982,2.9095695970696,-0.0904304029304051,2.48099816849817,26.338141025641,22.7667124542125,-3.35233516483516,3.62385531135531,0.909569597069595,-10.5190018315018,-12.3761446886447,-19.661858974359,-8.94757326007326,-15.2332875457875,-7.94757326007326,-15.3761446886447,-6.94757326007326,-2.23328754578755,-9.37614468864469,-7.94757326007326,-10.661858974359,-13.661858974359,-7.94757326007326,-13.661858974359,-12.0904304029304,-9.23328754578755,-15.8047161172161,-11.2332875457875,-4.51900183150183,-8.09043040293041,-7.26900183150183,4.33814102564102,7.19528388278388,5.14766483516483,17.1952838827839,9.33814102564102,-3.37614468864469,32.6238553113553,7.8143315018315,-6.51900183150183,18.0524267399267,23.0524267399267,-8.37614468864469,18.0524267399267,7.05242673992674,0.480998168498168
"GERBIDO",5.31776556776557,25.4177655677656,-6.2489010989011,5.91776556776557,-8.68223443223443,-6.653663003663,8.06062271062272,2.77490842490842,-0.225091575091572,3.06062271062272,31.0606227106227,24.4891941391941,-4.68223443223443,6.06062271062272,-0.367948717948714,-6.51080586080586,-9.79652014652014,-20.5108058608059,-6.51080586080586,-12.7965201465201,-5.36794871794871,-15.7965201465201,-7.08223443223443,-4.88223443223443,-7.36794871794871,-7.51080586080586,-6.48223443223443,-15.2822344322344,-4.7489010989011,-14.9393772893773,-12.653663003663,-9.93937728937729,-16.3679487179487,-12.3679487179487,-5.08223443223443,-9.51080586080586,-7.79652014652014,5.25109890109891,7.48919413919414,5.346336996337,17.346336996337,13.2510989010989,-2.51080586080586,33.9177655677656,6.346336996337,-7.08223443223443,17.2034798534799,22.6320512820513,-9.08223443223443,16.7749084249084,6.91776556776557,0.203479853479855
"GIORDANI-FARNESE",4.58379120879121,19.5837912087912,-2.70192307692308,0.298076923076923,-2.55906593406593,-7.27335164835165,8.01236263736264,1.01236263736264,-3.41620879120879,2.41712454212454,22.1552197802198,18.7266483516484,-5.41620879120879,4.86950549450549,0.440934065934066,-6.55906593406593,-13.4162087912088,-19.1304945054945,-8.24954212454212,-5.41620879120879,-3.84478021978022,-12.2733516483516,-3.84478021978022,-6.98763736263736,-7.98763736263736,-8.58287545787546,-8.66620879120879,-13.6662087912088,-11.2733516483516,-15.9876373626374,-14.5590659340659,-10.7019230769231,-16.1304945054945,-11.0828754578755,-5.13049450549451,-8.98763736263736,-4.91620879120879,6.58379120879121,7.58379120879121,6.91712454212454,20.8695054945055,12.1552197802198,-1.84478021978022,37.4409340659341,6.29807692307692,-6.84478021978022,20.2980769230769,24.5837912087912,-6.13049450549451,17.4409340659341,9.58379120879121,1.72664835164835
"CORTE BRUGNATELLA",-5.11840659340659,-3.83269230769231,-6.68983516483516,-4.97554945054945,-4.11840659340659,-6.97554945054945,-2.83269230769231,-2.97554945054945,-5.83269230769231,3.73873626373626,15.453021978022,6.88159340659341,7.28159340659341,6.73873626373626,6.73873626373626,-2.26126373626374,-1.83269230769231,-5.97554945054945,-1.68983516483516,-2.68983516483516,4.88159340659341,-0.832692307692307,2.88159340659341,5.45302197802198,3.45302197802198,1.59587912087912,1.16730769230769,-2.97554945054945,3.38159340659341,-3.78507326007326,-2.71840659340659,-0.618406593406593,-1.97554945054945,0.453021978021978,3.88159340659341,2.02445054945055,-0.40412087912088,7.45302197802198,7.04826007326007,0.738736263736264,0.167307692307693,0.0244505494505489,0.167307692307693,10.453021978022,-4.83269230769231,-6.68983516483516,3.31016483516484,-4.54697802197802,-6.54697802197802,-1.97554945054945,-4.54697802197802,-5.11840659340659
"PARCO RESISTENZA",17.0240842490842,15.93836996337,4.65265567765568,0.938369963369965,-1.34734432234432,-5.49020146520146,8.39075091575092,6.65265567765568,-5.91877289377289,4.93836996336996,13.8907509157509,13.2240842490842,-3.27591575091575,4.50979853479853,-1.77591575091575,-8.20448717948718,-5.06163003663004,-10.2044871794872,-7.91877289377289,-9.77591575091575,-5.44258241758242,-8.49020146520146,-7.49020146520146,-3.20448717948718,-8.34734432234432,-7.06163003663004,-6.49020146520146,-11.3473443223443,-6.34734432234432,-7.63305860805861,-11.2044871794872,-8.06163003663004,-10.7759157509158,-7.06163003663004,-5.49020146520146,-4.77591575091575,-7.63305860805861,0.0812271062271073,-3.10924908424908,-0.490201465201466,5.22408424908425,5.22408424908425,-4.06163003663004,14.3669413919414,-0.609249084249083,-1.77591575091575,17.3669413919414,17.7955128205128,2.55741758241758,18.2240842490842,21.5097985347985,3.36694139194139
"ROMA",16.1657509157509,16.5943223443223,5.88003663003663,-0.334249084249084,-2.97710622710623,-2.50091575091575,11.0228937728938,10.5943223443223,-9.11996336996337,4.73717948717949,29.8324175824176,17.0228937728938,-4.83424908424908,4.30860805860806,-3.26282051282051,-10.4056776556777,-3.5485347985348,-12.6913919413919,-9.40567765567766,-12.4056776556777,-6.11996336996337,-11.8342490842491,-7.11996336996337,-3.26282051282051,-7.40567765567766,-7.26282051282051,-4.83424908424908,-12.4056776556777,-6.69139194139194,-8.97710622710623,-13.4056776556777,-9.11996336996337,-8.83424908424908,-8.83424908424908,-7.11996336996337,-6.69139194139194,-9.26282051282051,-0.405677655677657,-6.5485347985348,1.83241758241758,6.73717948717949,3.88003663003663,-4.97710622710623,12.3086080586081,-0.334249084249084,-0.262820512820511,16.1657509157509,25.1657509157509,1.59432234432234,15.7371794871795,23.3086080586081,0.308608058608058
"FRANCHINI-ANGELONI",14.2320512820513,16.2320512820513,5.08919413919414,-2.62509157509157,-1.33937728937729,-4.76794871794872,7.37490842490843,7.946336996337,-8.16794871794872,4.80347985347986,23.8034798534799,19.8034798534799,-3.62509157509157,2.80347985347986,-1.48223443223443,-8.62509157509157,-5.76794871794872,-10.7679487179487,-8.19652014652014,-11.053663003663,-4.76794871794872,-10.7679487179487,-6.26794871794872,-5.33937728937729,-7.19652014652014,-5.62509157509157,-3.48223443223443,-10.6250915750916,-6.053663003663,-7.48223443223443,-10.053663003663,-6.76794871794872,-7.48223443223443,-7.48223443223443,-6.62509157509157,-5.33937728937729,-7.053663003663,2.80347985347986,-5.43461538461538,-0.196520146520143,2.51776556776557,5.08919413919414,-4.33937728937729,13.5177655677656,0.0891941391941415,-4.053663003663,16.0891941391941,17.6606227106227,4.73205128205128,10.5177655677656,22.0891941391941,1.66062271062271
"SAVIGNANO",17.7237179487179,28.6380036630037,6.92371794871795,0.638003663003666,-4.36199633699633,-7.57628205128205,9.63800366300367,12.7808608058608,-5.64771062271062,7.0665750915751,37.923717948718,32.923717948718,-1.36199633699633,7.63800366300367,-1.64771062271062,-12.5048534798535,-4.50485347985348,-15.3619963369963,-10.5048534798535,-14.5048534798535,-7.79056776556776,-13.576282051282,-6.79056776556776,-4.07628205128205,-10.9334249084249,-8.21913919413919,-8.07628205128205,-15.6477106227106,-9.07628205128205,-12.3619963369963,-15.3619963369963,-10.3619963369963,-10.6477106227106,-11.7905677655678,-10.9334249084249,-11.076282051282,-10.3619963369963,0.42371794871795,-7.74294871794872,0.209432234432235,5.63800366300367,7.0665750915751,7.42371794871795,26.0903846153846,-6.07628205128205,-6.64771062271062,16.923717948718,17.0665750915751,-0.409615384615382,14.4951465201465,20.923717948718,-2.21913919413919
"SAVIGNANO DI RIGO",0.922069597069598,2.23635531135531,-4.31126373626374,-6.62078754578754,-1.90650183150183,-6.90650183150183,-2.04935897435897,1.35540293040293,-5.04935897435897,5.5220695970696,20.5220695970696,3.68873626373626,0.379212454212455,6.23635531135531,3.95064102564103,-4.19221611721612,0.807783882783884,-6.4779304029304,-1.76364468864469,-4.19221611721612,3.37921245421246,-3.9779304029304,4.80778388278388,2.37921245421246,-0.477930402930403,-0.620787545787545,2.66492673992674,-4.4779304029304,-0.33507326007326,-2.04935897435897,-4.33507326007326,-0.763644688644689,-1.90650183150183,-1.4779304029304,-1.76364468864469,1.23635531135531,-1.76364468864469,1.09349816849817,-1.64459706959707,1.95064102564103,4.5220695970696,5.37921245421246,-0.192216117216116,11.950641025641,-4.62078754578755,-3.76364468864469,3.80778388278388,2.5220695970696,-5.81126373626374,-2.62078754578755,-1.19221611721612,-4.04935897435897
"DE AMICIS",13.3738095238095,13.7452380952381,5.17380952380952,-1.54047619047619,-3.54047619047619,-5.39761904761905,8.45952380952381,7.45952380952381,-5.54047619047619,4.7452380952381,21.602380952381,15.8880952380952,-2.96904761904762,3.67380952380952,-0.111904761904761,-8.11190476190476,-6.11190476190476,-11.1119047619048,-8.82619047619048,-10.397619047619,-5.11190476190476,-9.82619047619048,-7.96904761904762,-5.39761904761905,-7.54047619047619,-6.68333333333333,-6.96904761904762,-10.9690476190476,-7.54047619047619,-9.11190476190476,-10.397619047619,-9.39761904761905,-9.11190476190476,-9.54047619047619,-5.68333333333333,-6.39761904761905,-4.15952380952381,0.459523809523809,-4.82619047619048,7.34047619047619,14.1738095238095,5.17380952380952,-1.96904761904762,12.7452380952381,-2.11190476190476,-1.96904761904762,18.3166666666667,18.602380952381,-0.969047619047618,15.602380952381,18.1738095238095,2.60238095238095
"PORTA SAN FELICE",17.1464285714286,14.7178571428571,4.86071428571429,-3.71071428571429,-1.99642857142857,-5.56785714285714,6.71785714285715,5.43214285714286,-9.13928571428571,2.43214285714286,22.2892857142857,18.7178571428571,-2.56785714285714,3.71785714285715,-2.28214285714285,-9.56785714285714,-5.99642857142857,-12.9964285714286,-10.425,-14.1392857142857,-5.13928571428571,-12.7107142857143,-10.3535714285714,-6.5202380952381,-6.45357142857143,-6.85357142857143,-13.8535714285714,-7.56785714285714,-9.28214285714286,-11.425,-8.425,-10.9964285714286,-11.1392857142857,-6.13928571428571,-6.28214285714285,-5.71071428571429,6.81309523809524,-3.71071428571429,-1.71071428571429,20.575,7.43214285714286,-0.653571428571428,18.1464285714286,-3.13928571428571,-3.85357142857143,15.575,21.2892857142857,-0.99642857142857,14.2892857142857,20.4321428571429,3.575,7.14642857142857
"SAN PIETRO CAPOFIUME",15.1562271062271,14.81336996337,3.52765567765568,-0.0437728937728927,-3.75805860805861,-6.47234432234432,4.95622710622711,1.81336996336996,-5.90091575091575,1.24194139194139,28.3847985347985,17.3847985347985,-2.18663003663004,3.81336996336996,-4.18663003663004,-7.90091575091575,-4.32948717948718,-9.32948717948718,-6.61520146520146,-11.18663003663,-3.75805860805861,-9.75805860805861,-2.47234432234432,0.813369963369965,-0.615201465201466,-5.47234432234432,-6.32948717948718,-12.9009157509158,-5.04377289377289,-7.75805860805861,-11.2104395604396,-6.44377289377289,-8.32948717948718,-8.61520146520146,-6.47234432234432,-7.90091575091575,-10.0437728937729,0.670512820512823,-3.04377289377289,-2.61520146520147,10.4562271062271,5.24194139194139,-0.186630036630035,29.2419413919414,-0.329487179487177,-5.04377289377289,11.0990842490843,15.6705128205128,-6.90091575091575,15.0990842490843,12.81336996337,0.956227106227107
"VIA CHIARINI",17.2961080586081,12.2675366300366,3.26753663003663,-4.44674908424908,-3.01817765567766,-7.1610347985348,6.69610805860806,5.26753663003663,-8.01817765567766,2.41039377289377,20.5532509157509,14.6961080586081,-1.58960622710623,3.12467948717948,-0.503891941391942,-10.3038919413919,-4.30389194139194,-10.0181776556777,-9.44674908424908,-12.0181776556777,-3.1610347985348,-10.7324633699634,-5.58960622710623,1.12467948717948,-5.73246336996337,-4.44674908424908,-4.1610347985348,-9.10389194139194,-6.87532051282051,-6.01817765567766,-8.58960622710623,-7.1610347985348,-8.73246336996337,-9.58960622710623,-6.01817765567766,-6.01817765567766,-8.58960622710623,5.8389652014652,-5.58960622710623,-2.73246336996337,20.9818223443223,6.26753663003663,-4.05389194139194,17.3627747252747,-4.87532051282052,-5.44674908424908,14.9818223443223,18.8389652014652,-2.73246336996337,15.1246794871795,16.9818223443223,3.69610805860806
"ISONZO",-1.33873626373626,26.0898351648352,5.66126373626374,5.66126373626374,-2.76730769230769,-5.62445054945055,6.66126373626374,3.5184065934066,-0.19587912087912,2.16126373626374,32.3755494505495,21.6612637362637,-2.91016483516484,3.5184065934066,-6.76730769230769,-10.3387362637363,-8.62445054945055,-10.053021978022,-10.6244505494505,-14.1958791208791,-7.33873626373626,-6.93873626373626,-5.76730769230769,-5.33873626373626,-8.4815934065934,-10.7673076923077,-11.7673076923077,-15.0054029304029,-10.1720695970696,-11.7673076923077,-12.4815934065934,-9.73873626373626,-11.8387362637363,-10.9101648351648,-10.1958791208791,-8.05302197802198,-11.6244505494505,14.6612637362637,-0.938736263736264,2.66126373626374,16.5184065934066,12.3755494505495,-5.33873626373626,33.8041208791209,3.23269230769231,-2.91016483516484,15.946978021978,18.0898351648352,-9.05302197802198,17.2326923076923,14.5184065934066,3.5184065934066
"GHERARDI",12.9377289377289,20.2805860805861,6.13772893772894,1.42344322344322,-6.29084249084249,-5.52893772893773,2.63772893772894,-0.29084249084249,-3.43369963369964,0.566300366300364,27.1377289377289,24.1377289377289,-3.57655677655678,3.97106227106227,-7.52893772893773,-9.29084249084249,-8.46227106227106,-7.86227106227106,-8.46227106227106,-11.5765567765568,-4.71941391941392,-8.43369963369963,-1.71941391941392,0.423443223443222,-6.86227106227106,-4.71941391941392,-8.14798534798535,-12.1956043956044,-6.14798534798535,-9.00512820512821,-9.86227106227106,-6.00512820512821,-7.86227106227106,-7.29084249084249,-5.57655677655678,-6.86227106227106,-8.14798534798535,0.137728937728937,-1.71941391941392,-0.71941391941392,12.1377289377289,1.56630036630036,1.28058608058608,34.7091575091575,5.56630036630036,-6.71941391941392,9.42344322344322,13.5663003663004,-9.43369963369963,12.5663003663004,9.99487179487179,3.85201465201465
"CENTO",14.6603021978022,16.7745879120879,2.77458791208791,0.774587912087913,-4.36826923076923,-8.36826923076923,3.91744505494506,0.917445054945055,-5.36826923076923,1.63173076923077,29.8936355311355,15.9174450549451,-4.22541208791209,2.63173076923077,-4.36826923076923,-7.5396978021978,-4.22541208791209,-12.3682692307692,-8.51112637362637,-12.7968406593407,-3.08255494505494,-12.2254120879121,-4.36826923076923,3.8103021978022,-3.9396978021978,-7.08255494505494,-8.08255494505494,-14.2254120879121,-5.22541208791209,-11.0825549450549,-12.0825549450549,-10.2730311355311,-11.9396978021978,-9.79684065934066,-5.51112637362638,-9.36826923076923,-8.4396978021978,3.20315934065934,-0.539697802197804,-0.79684065934066,14.0603021978022,10.6317307692308,-0.939697802197802,35.2031593406593,-3.79684065934066,-5.79684065934066,16.0603021978022,18.6317307692308,-7.65398351648352,22.0603021978022,12.7745879120879,2.0603021978022
"VILLA FULVIA",15.4235805860806,25.2235805860806,4.22358058608059,3.65215201465201,-3.77641941391941,-6.49070512820513,5.50929487179487,2.9378663003663,-2.63356227106227,1.89024725274725,32.0807234432234,18.9378663003663,-12.0264194139194,9.89024725274725,-5.20499084249084,-10.7764194139194,-9.49070512820513,-10.347847985348,-10.347847985348,-13.4907051282051,-7.63356227106227,-9.49070512820513,-4.0621336996337,-3.91927655677656,-7.49070512820513,-8.34784798534799,-9.63356227106227,-14.347847985348,-9.49070512820513,-10.6335622710623,-11.9192765567766,-8.34784798534799,-9.91927655677656,-10.9192765567766,-9.34784798534798,-8.20499084249084,-9.94308608058608,0.223580586080587,0.623580586080585,-0.776419413919413,12.0807234432234,7.36643772893773,0.937866300366302,36.5092948717949,1.36643772893773,-5.63356227106227,18.0807234432234,17.0807234432234,-8.20499084249084,19.2235805860806,15.652152014652,3.9378663003663
"ZALAMELLA",17.3902014652015,20.1330586080586,4.84734432234432,4.70448717948718,-3.29551282051282,-3.29551282051282,8.27591575091575,9.70448717948718,-4.72408424908425,8.4187728937729,26.9902014652015,26.4902014652015,-4.25979853479853,-7.1764652014652,-9.86694139194139,-3.29551282051282,-10.5812271062271,-10.5812271062271,-12.43836996337,-7.43836996336996,-11.5812271062271,-8.29551282051282,-5.29551282051282,-8.72408424908425,-7.86694139194139,-9.58122710622711,-13.43836996337,-6.29551282051282,-10.8669413919414,-13.43836996337,-9.86694139194139,-8.00979853479853,-9.50979853479853,-8.58122710622711,-8.15265567765568,-9.6764652014652,0.133058608058608,-5.20979853479853,1.74020146520147,5.70448717948718,1.70448717948718,-2.72408424908425,24.8473443223443,-0.866941391941392,-3.00979853479853,18.8473443223443,16.1330586080586,-4.00979853479853,16.9902014652015,19.1330586080586,1.27591575091575,8.49020146520147
"CAORLE",15.7766483516483,17.8337912087912,2.69093406593407,3.47664835164835,-5.88049450549451,-5.73763736263736,5.54807692307692,6.40521978021978,-5.45192307692308,4.11950549450549,27.3099816849817,15.5480769230769,-5.30906593406593,3.26236263736264,-7.88049450549451,-10.5947802197802,-2.02335164835165,-12.3090659340659,-11.0233516483516,-13.5947802197802,-3.59478021978022,-12.0233516483516,-6.73763736263736,-3.73763736263736,-9.02335164835165,-7.45192307692308,-7.16620879120879,-12.4519230769231,-6.45192307692308,-10.8804945054945,-12.7376373626374,-7.45192307692308,-8.35668498168498,-10.4519230769231,-7.45192307692308,-7.02335164835165,-10.7376373626374,4.80998168498168,-6.02335164835165,5.17664835164835,11.5480769230769,4.26236263736264,-3.30906593406593,27.4052197802198,4.54807692307692,-1.16620879120879,18.8337912087912,19.9766483516484,-5.69001831501832,15.8337912087912,22.8099816849817,2.54807692307692
"DELTA CERVIA",16.5132326007326,11.5132326007326,2.5132326007326,-1.91533882783883,-2.4867673992674,-5.34391025641026,4.22751831501832,6.22751831501832,-7.32010073260073,0.941804029304027,20.1798992673993,15.3703754578755,-5.05819597069597,4.37037545787546,-4.4867673992674,-8.34391025641026,-1.62962454212454,-8.4867673992674,-8.62962454212454,-12.2867673992674,-5.32010073260073,-10.7724816849817,-5.6867673992674,-5.32010073260073,-6.4867673992674,-2.77248168498168,-1.2867673992674,-7.77248168498169,-2.20105311355312,-7.20105311355311,-9.77248168498169,-6.05819597069597,-7.9867673992674,-5.82010073260073,0.7632326007326,-9.91533882783883,3.22751831501832,-6.62962454212454,-0.915338827838827,9.65608974358975,4.08466117216117,-3.8867673992674,20.2275183150183,5.5132326007326,-4.05819597069597,12.7989468864469,15.3703754578755,-1.34391025641026,13.7989468864469,19.0846611721612,-1.20105311355312,-7.9867673992674
"FLAMINIA",22.0155677655678,29.0155677655678,7.04413919413919,7.04413919413919,0.472710622710622,-1.09871794871795,10.0441391941392,16.0441391941392,-4.81300366300366,9.90128205128205,28.9489010989011,23.7584249084249,-1.81300366300366,5.18699633699633,-2.38443223443224,-11.2415750915751,-4.95586080586081,-14.2415750915751,-13.098717948718,-15.5272893772894,-8.38443223443224,-15.9558608058608,-10.2415750915751,-7.95586080586081,-12.3844322344322,-12.098717948718,-9.09871794871795,-16.8130036630037,-9.52728937728938,-13.9558608058608,-17.5272893772894,-11.8130036630037,-12.8130036630037,-11.6701465201465,-11.9558608058608,-9.81300366300366,-12.3844322344322,-2.0510989010989,-9.38443223443224,-3.81300366300366,2.04413919413919,10.2822344322344,-6.95586080586081,24.6155677655678,1.47271062271062,-1.95586080586081,24.1869963369963,23.1869963369963,5.32985347985348,15.1869963369963,33.4727106227106,-1.52728937728938
"MARECCHIA",24.0363095238095,21.7863095238095,6.78630952380952,-1.61369047619047,-3.49940476190476,-5.07083333333333,4.07202380952381,9.92916666666667,-0.713690476190475,12.5863095238095,24.9291666666667,20.9291666666667,1.28630952380952,5.07202380952381,-2.92797619047619,-11.0708333333333,-0.356547619047618,-12.8803571428571,-10.4994047619048,-14.6422619047619,-7.49940476190476,-13.0708333333333,3.78630952380952,-6.49940476190476,-10.6422619047619,-9.78511904761905,-4.88035714285714,-15.0708333333333,-6.35654761904762,-14.0136904761905,-15.5470238095238,-8.21369047619048,-8.21369047619048,-9.92797619047619,-10.9279761904762,-5.6422619047619,-10.4994047619048,-5.71369047619048,-7.71369047619048,-3.07083333333333,1.50059523809524,6.35773809523809,-6.6422619047619,24.214880952381,-0.642261904761902,-4.21369047619048,16.5005952380952,14.4529761904762,3.64345238095238,16.6196428571429,26.7863095238095,2.78630952380952
"VERUCCHIO",12.2108058608059,12.8393772893773,2.41080586080586,-2.87490842490842,-3.73205128205128,-5.01776556776557,2.83937728937729,7.553663003663,-7.2558608058608,3.553663003663,19.1250915750916,7.57747252747253,-3.16062271062271,4.553663003663,-1.73205128205128,-8.01776556776557,-3.446336996337,-9.98919413919414,-5.7558608058608,-6.87490842490842,-2.30347985347985,-8.01776556776557,-5.30347985347985,-2.01776556776557,-5.30347985347985,-4.30347985347985,-2.446336996337,-7.73205128205128,-4.7558608058608,-4.58919413919414,-8.30347985347985,-5.16062271062271,-3.16062271062271,-6.01776556776557,-6.58919413919414,-4.58919413919414,-4.87490842490842,3.07747252747253,-4.30347985347985,0.696520146520147,2.83937728937729,6.24413919413919,-2.87490842490842,13.2679487179487,-2.73205128205128,-4.16062271062271,13.9822344322344,14.6965201465201,3.12509157509158,8.41080586080586,18.553663003663,-0.160622710622711
